id,parent_id,target,color,requested_slots,valid_references,failed,distinct_known_types,unknown_valid_references,known_duplicate_references,known_over_references,distinct_lateral_types,has_more_than_K4_known_types,original_plot_sha256
two_row_reach_400000_target0,two_row_reach_400000,0,olive,9,3,6,2,1,0,0,2,False,477bb0fb93d70a195066b43a7a3556e925691d316ac51f000b4f4822d9b21507
two_row_reach_400000_target1,two_row_reach_400000,1,silver,9,5,4,3,2,0,0,3,False,954f0b7c53b101128b2efae7987c96af3e95b40998cb9699fef0fed67c2dd40f
two_row_reach_400000_target2,two_row_reach_400000,2,black,9,8,1,5,3,0,0,5,True,79039de7acd0dffb10f18546a87ba1405913c41d0776c41d997849c9ce456600
two_row_reach_400001_target0,two_row_reach_400001,0,magenta,9,7,2,4,3,0,0,4,False,f8206ec881781f994e0ab1d4499c87cbb75c8c3b5870df6367bde2cc14dd41ee
two_row_reach_400001_target1,two_row_reach_400001,1,rose,9,6,3,3,3,0,0,3,False,8b6a2557d742c800fdb6e909cc99b3cba8eac4fa051af5ee21a6e5e84ec760a7
two_row_reach_400001_target2,two_row_reach_400001,2,azure,9,4,5,2,2,0,1,1,False,9db6d78840c699c1dde8aa607b8ed099bad337eeff51a7d7175d9349af93c9d7
two_row_reach_400002_target0,two_row_reach_400002,0,black,9,7,2,3,4,0,1,2,False,6492a51085f43a6cc9973536e107085eaf1c14c189de7afb1f983e20163eda2c
two_row_reach_400002_target1,two_row_reach_400002,1,olive,9,7,2,1,6,0,0,1,False,f6dbf91f0ba01462a4e155e54e75952fcd9fbb05164b3ed405ea2a16cba5b89b
two_row_reach_400002_target2,two_row_reach_400002,2,navy,9,8,1,4,4,0,0,4,False,f862b91a46b1b532e4c0f21ffb2846b0cd6f1bc258be2031c44b8dfd5dcb3a28
two_row_reach_400003_target0,two_row_reach_400003,0,maroon,9,5,4,2,3,0,0,2,False,f460e8327295c381849810b6014f5230ba98829304829d373c233627ace075ac
two_row_reach_400003_target1,two_row_reach_400003,1,rose,9,7,2,5,2,0,0,5,True,bca0281e3aae10368645bd1167856eda2d403fc456ebe99e2b3480b3ecdfecba
two_row_reach_400003_target2,two_row_reach_400003,2,teal,9,6,3,3,3,0,0,3,False,88065bf4baafd3d73ede0c46e40bf58e2638600979cb9cb3624c6c60a5ad9315
two_row_reach_400004_target0,two_row_reach_400004,0,silver,9,6,3,5,1,0,0,5,True,aca1008e7d089ebde859cde62f1e5375830900dca3564cb5591b94f2ebea91c6
two_row_reach_400004_target1,two_row_reach_400004,1,purple,9,5,4,4,1,0,0,4,False,a99cc11b67a03e2233b9df26ac8299282895533972c77ab8e09fd02731d3870a
two_row_reach_400004_target2,two_row_reach_400004,2,olive,9,5,4,1,4,0,0,1,False,b1946082bf9887352d1f487bc837121fecb8a8bb868afd0504082d60d7ca75eb
two_row_reach_400005_target0,two_row_reach_400005,0,white,9,6,3,4,2,0,0,4,False,babd0a566f81714ea1fd1570c8d1448ff7abb25237712337a86003406898deae
two_row_reach_400005_target1,two_row_reach_400005,1,purple,9,6,3,6,0,0,0,6,True,1fd11c2bc3beae7cce552448f12530544e023550299f22f76511251e182c7200
two_row_reach_400005_target2,two_row_reach_400005,2,blue,9,8,1,7,1,0,0,7,True,71a45b7c627cb4914ad65961e301257595b567919266dcd7a6e792fa9b90b490
two_row_reach_400006_target0,two_row_reach_400006,0,teal,9,5,4,3,2,0,1,2,False,64d6b79e8bfcb030fc0632485e39cacc1013684c32fbd68d0da565fd866b0829
two_row_reach_400006_target1,two_row_reach_400006,1,rose,9,6,3,4,2,0,1,3,False,b901a9c43f5cecabd2628300fc28246860b9713e1dbbfd3260dea0075f7a3740
two_row_reach_400006_target2,two_row_reach_400006,2,silver,9,2,7,0,2,0,0,0,False,77ab2d7a9a505e2dac2b365fd985b05642d73b3e04d923f71c3f2b0c2bab1957
two_row_reach_400007_target0,two_row_reach_400007,0,yellow,9,4,5,2,2,0,0,2,False,476fad84b286d13acddb19f1f6f171dbd6666a028f3c186d59f3d24d4204de6c
two_row_reach_400007_target1,two_row_reach_400007,1,gray,9,5,4,2,3,0,0,2,False,e88fdb6f670285ddc40c1e24c15fbd9fc713e84d0f81c9214ac5b630b95b6932
two_row_reach_400007_target2,two_row_reach_400007,2,teal,9,5,4,4,1,0,1,3,False,928846e1a3e9334ca421a5fbf1e5f7c8fbcbde0aa367614d8cf03fd75e3e1681
two_row_reach_400008_target0,two_row_reach_400008,0,maroon,9,7,2,6,1,0,0,6,True,cc788a3c3a88152767f3ff240a828f81d8a90775cace45beab46768e8bd6c94e
two_row_reach_400008_target1,two_row_reach_400008,1,navy,9,7,2,3,4,0,0,3,False,a832c2546be1b4696e68787dbebeb7cfa29069e884ad4c7ca0033a929728bf9d
two_row_reach_400008_target2,two_row_reach_400008,2,black,9,7,2,3,4,0,0,3,False,0692c52caa28c37d5802db8ee195197e70973ff12cad546d51b70391dc3430b5
two_row_reach_400009_target0,two_row_reach_400009,0,violet,9,6,3,4,2,0,0,4,False,f3ec744c806e1f5fd6a83121ef47acc007cb50b9158992b86a100895e5d4f9ed
two_row_reach_400009_target1,two_row_reach_400009,1,lime,9,6,3,5,1,0,0,5,True,1027fe36f9a56cd7981d71c5899f4fe82415714c07fcceebae56a525ec7ff6e8
two_row_reach_400009_target2,two_row_reach_400009,2,olive,9,5,4,3,2,0,0,3,False,6370c93a1b674ccbc7ec5d0a63471466e2493f2de4a24007e093901256d0d7fd
two_row_reach_400010_target0,two_row_reach_400010,0,teal,9,8,1,5,3,0,1,4,True,d9378bd71ed53b72e1cf812452b6f0c584a37b81ea4db7be5047bc702f343c3e
two_row_reach_400010_target1,two_row_reach_400010,1,black,9,6,3,3,3,0,0,3,False,50d237cc4e92da5446ac44223405d284c66d71b5c44033a1beded2a6b8fb09a4
two_row_reach_400010_target2,two_row_reach_400010,2,white,9,7,2,2,5,0,0,2,False,d0319682f2fdd017b6567e74e3ceedcdc4f31503177c079e251b27594d811b96
two_row_reach_400011_target0,two_row_reach_400011,0,orange,9,7,2,5,2,0,0,5,True,6af3cfff489b932d223f4896425dccff45bedf5e19f9f7d2ac9e1354d8ba7006
two_row_reach_400011_target1,two_row_reach_400011,1,cyan,9,4,5,2,2,0,0,2,False,9d783f2a06639b9e4f32327168fe693c702d39606dce98b8cfdb5fa352f06f60
two_row_reach_400011_target2,two_row_reach_400011,2,azure,9,3,6,3,0,0,0,3,False,6f52318efcc20b5775f65bc6c54744bcdb12c9254645c3708455e8a8aedc9743
two_row_reach_400012_target0,two_row_reach_400012,0,maroon,9,7,2,3,4,0,0,3,False,93593cecc91e83bdf46cde5d86a62e18349121b2c6880693c63064420cf91dfe
two_row_reach_400012_target1,two_row_reach_400012,1,silver,9,6,3,2,4,0,0,2,False,c80499822d42212b26751c925067c154616bbee9a467b7bcdfc2ec764adff1a7
two_row_reach_400012_target2,two_row_reach_400012,2,rose,9,5,4,0,5,0,0,0,False,1ab2dd28ff512b8ee4faa31592131677df6c25063e29cb21be167592d23e2dda
two_row_reach_400013_target0,two_row_reach_400013,0,purple,9,3,6,1,2,0,0,1,False,fe32f9170abced6c8747f951fab6c31d5a7b498b3f8363a657f05ce6d5ff6807
two_row_reach_400013_target1,two_row_reach_400013,1,gray,9,4,5,3,1,0,0,3,False,ff72635d9c111225f9278c330726ff84572cb77f6d2e04a3d14d1888fce9189c
two_row_reach_400013_target2,two_row_reach_400013,2,red,9,5,4,2,3,0,0,2,False,bb3740af75f9b87c69bbec303671ae0c0a1932b32ebc3260bdf6f539d203bc6c
two_row_reach_400014_target0,two_row_reach_400014,0,gray,9,4,5,1,3,0,1,0,False,077a83f379a5a410182007bb44f446e51987c96b2ec9d69f26458f617dcffc26
two_row_reach_400014_target1,two_row_reach_400014,1,black,9,7,2,3,4,0,0,3,False,4c3567c2edb0c5af1d06ed6acdfa38a0d2eb01b9884349605c7579d127108d52
two_row_reach_400014_target2,two_row_reach_400014,2,cyan,9,5,4,2,3,0,0,2,False,febcba625d8a60232d55734196059cdba5665f19fd354a86400b1e9d78a4a1bd
two_row_reach_400015_target0,two_row_reach_400015,0,red,9,4,5,2,2,0,0,2,False,4039dc1d34246ccb7b81819e04977ab5a250a2479b4b094576e565dbe27d3b42
two_row_reach_400015_target1,two_row_reach_400015,1,olive,9,8,1,6,2,0,1,5,True,a5b5a7acf3c8bcbe056ff08c2262974430c6806938cce0e03468265ab8e280d2
two_row_reach_400015_target2,two_row_reach_400015,2,navy,9,4,5,3,1,0,1,2,False,1a690b960ad80ada780521749ebc53db644b214bf198a6b0b99657e1e97dd851
two_row_reach_400016_target0,two_row_reach_400016,0,orange,9,7,2,4,3,0,0,4,False,05852172fff5345f0e169fd4622d6b52052be2b6fd3877a2d2836a0e38cab001
two_row_reach_400016_target1,two_row_reach_400016,1,gray,9,6,3,3,3,0,0,3,False,e5f7eb5c0f8a8917d66f44f11be999406ea7602479acaa983d9771e9f9967dcf
two_row_reach_400016_target2,two_row_reach_400016,2,white,9,5,4,2,3,0,0,2,False,ccafdbc7a5bbcacf10c04303b5a15c8683fc7d68f6ee365622f3b95871188686
two_row_reach_400017_target0,two_row_reach_400017,0,magenta,9,7,2,5,2,0,0,5,True,762b685340a65be0962b937f2a55549ed50b349b9d28c03366ef228e4d56cb91
two_row_reach_400017_target1,two_row_reach_400017,1,violet,9,8,1,5,3,0,0,5,True,95b7b7ffb71ea9dc50077339530baf31f61a68a6bebe4b919d8652087faeda7f
two_row_reach_400017_target2,two_row_reach_400017,2,gray,9,3,6,2,1,0,0,2,False,5a41b440f5ae175884f8838dd0f7ceb23ab7723d4248257ea3a4c56a82c3be3f
two_row_reach_400018_target0,two_row_reach_400018,0,olive,9,6,3,4,2,0,0,4,False,5a16b09c3ba04078d0a4123a126c36031a2934058987ee2c334d5b72e6486e88
two_row_reach_400018_target1,two_row_reach_400018,1,orange,9,7,2,2,5,0,0,2,False,d7c057c4600c9af7b3e4fa7a86119834220a209435ca259567a657dc924ccd75
two_row_reach_400018_target2,two_row_reach_400018,2,purple,9,5,4,0,5,0,0,0,False,0d3a8e73c180974b8deac28ce2cd98822eb4acb4a02f2b60a878493035bba572
two_row_reach_400019_target0,two_row_reach_400019,0,red,9,7,2,4,3,0,0,4,False,2d580d4de9d111492061b41598ccddcc60072b872dff68eb5c724bd67c576814
two_row_reach_400019_target1,two_row_reach_400019,1,violet,9,5,4,2,3,0,0,2,False,553732623699bd48775c6bc105de46af5b447e2b5af21d5cbcf09eb0b9a430bd
two_row_reach_400019_target2,two_row_reach_400019,2,navy,9,4,5,1,3,0,0,1,False,3fc128f43ef5baf105a2494faeeb537c25e3a57c4595424d13d2115c4d3874e7
two_row_reach_400020_target0,two_row_reach_400020,0,black,9,7,2,5,2,0,0,5,True,aa2d4fbd9e416069648bb3f33fa01c953cace88b7e810b4900016ab7227a6590
two_row_reach_400020_target1,two_row_reach_400020,1,orange,9,6,3,4,2,0,0,4,False,13c102be685bbf4d1223bcac3821701ef9121c6e2aa64de26f467efdd1b5d611
two_row_reach_400020_target2,two_row_reach_400020,2,gray,9,7,2,2,5,0,0,2,False,86c27c3a576d78e713456cf343e2a907f0003c5876012ef65aa8c06d4fd9e4f5
two_row_reach_400021_target0,two_row_reach_400021,0,blue,9,9,0,5,4,0,1,4,True,3d7b335dc43d4ddad407467b5ee145bebc87bb333dc42dc68878d7ac5fb945c2
two_row_reach_400021_target1,two_row_reach_400021,1,orange,9,8,1,3,5,0,0,3,False,e5f90ab7a22832eafb3b7020020218a8fef1a94ab125a0bab0e3665ac782f0de
two_row_reach_400021_target2,two_row_reach_400021,2,olive,9,5,4,3,2,0,0,3,False,70ede4be3a2b9ef7000225d089548c6d06e2a1604b19efcbc4a37be82f6b6399
two_row_reach_400022_target0,two_row_reach_400022,0,gray,9,8,1,4,4,0,0,4,False,04c54121c80ab344dd04b2e8ed27007e6148070cdc91288b5414983dfc3820bf
two_row_reach_400022_target1,two_row_reach_400022,1,teal,9,5,4,3,2,0,0,3,False,25942e18e218ea59a8456686d5ce9b6359d8253e22e8eaa4601b1089a5903795
two_row_reach_400022_target2,two_row_reach_400022,2,white,9,5,4,2,3,0,0,2,False,4de3dedd25e2bf353879e47847ae841937f96220827ed81fdb3f1c9669fc5156
two_row_reach_400023_target0,two_row_reach_400023,0,gray,9,8,1,6,2,0,0,6,True,5f90123d4ad5ced44da8e1306ae67a6df8d1925de3cb52c2ec2034d6285803bb
two_row_reach_400023_target1,two_row_reach_400023,1,olive,9,7,2,5,2,0,1,4,True,942c555a6519470ca5c23b1a631d8b197c041b36add711d37acc4938409bbd8c
two_row_reach_400023_target2,two_row_reach_400023,2,purple,9,4,5,2,2,0,0,2,False,c8ef29ebbb4ad1e160ee605f6b5afc93a51d3677ea1b302475c6d2a225f2799c
two_row_reach_400024_target0,two_row_reach_400024,0,red,9,4,5,2,2,0,0,2,False,912d58997483c6c3e30de4527fa81c7de423f332202461e5ccbee22966d17134
two_row_reach_400024_target1,two_row_reach_400024,1,olive,9,6,3,4,2,0,0,4,False,988de9ab0ea738fec91f2b6e4034478cf42825ca54fa1e7796075168a86bcaf1
two_row_reach_400024_target2,two_row_reach_400024,2,purple,9,5,4,1,4,0,0,1,False,e63b0a0b6428c765f0ab89e9021dab7b749e27c9b201c150e8fca98d29f5995c
two_row_reach_400025_target0,two_row_reach_400025,0,silver,9,5,4,4,1,0,0,4,False,067f0b376049a7c0bc7d53f3dbaa1f606a0876a030abb57977259097fa4c0a16
two_row_reach_400025_target1,two_row_reach_400025,1,cyan,9,7,2,6,1,0,0,6,True,abbff0d8f56d98b305e9f4a9fd36bb2eca43410116f28a8d82bdec2bf794899b
two_row_reach_400025_target2,two_row_reach_400025,2,maroon,9,5,4,3,2,0,0,3,False,948dded7b3de3812d5bf7bf47fa23eb86aa81155096d2a5a33187fc083f05769
two_row_reach_400026_target0,two_row_reach_400026,0,navy,9,7,2,4,3,0,0,4,False,7bc35f4e1c6130cd2bcfc39eac653241073a3f8f5bf96cf5cb6dcc3f68baeb4e
two_row_reach_400026_target1,two_row_reach_400026,1,gray,9,6,3,3,3,0,0,3,False,6f819aa5389b068d51575eede5aca106863668dc78b9058f0783c9ca1672eff3
two_row_reach_400026_target2,two_row_reach_400026,2,blue,9,5,4,5,0,0,0,5,True,e5de96bed44883ecc2c2b1e40f5cac03778209a3d1d1df51c0617e2f36466fb5
two_row_reach_400027_target0,two_row_reach_400027,0,magenta,9,5,4,3,2,0,0,3,False,e187800c69665d3e8a5422469edb93d1cd3a191df82f00ed53e66ee5949aab50
two_row_reach_400027_target1,two_row_reach_400027,1,gray,9,6,3,4,2,0,1,3,False,0d2107e63cb7583d0a8ee52aa085582c323222f2439936db83e52e318ca2ad1f
two_row_reach_400027_target2,two_row_reach_400027,2,navy,9,5,4,0,5,0,0,0,False,70487fbcea821c742a1a8fefcfb95d0c3756c91b80b726329fd72b2c5267a7a7
two_row_reach_400028_target0,two_row_reach_400028,0,magenta,9,2,7,2,0,0,0,2,False,22352a52a3e718741665623b94e4863939f60f9b5d03af960cc152c906a936a2
two_row_reach_400028_target1,two_row_reach_400028,1,red,9,4,5,3,1,0,0,3,False,9e14f3acacb2b0a9fb9e1d9d8aac22fcfd0197bcdb0788f1f0b4710e6f4128f0
two_row_reach_400028_target2,two_row_reach_400028,2,orange,9,7,2,2,5,0,0,2,False,b79b31e72830a6e2197646eeb966cb8d9395fc8a1189e72b84f2bd22e1e81ccd
two_row_reach_400029_target0,two_row_reach_400029,0,purple,9,6,3,3,3,0,0,3,False,bde3fd741b2687a6a322ec58eaf2f73aca2970e9c6645974fcb3dbd28b20fed6
two_row_reach_400029_target1,two_row_reach_400029,1,azure,9,8,1,5,3,0,0,5,True,bcf70abf6c8ea3805c7c73f6c905c75de7616c63f04534d9f6cf9b7b60921ba6
two_row_reach_400029_target2,two_row_reach_400029,2,gray,9,6,3,4,2,0,2,2,False,7d8f66f7efe7cea82de51bceb7c00d8b9efd4dbc4b42f92c014b43204f777525
two_row_reach_400030_target0,two_row_reach_400030,0,magenta,9,7,2,5,2,0,0,5,True,2d60d8fde22d2b4c94ea92554fa9e3d7682380cbfd7832158209ed973b0984e1
two_row_reach_400030_target1,two_row_reach_400030,1,lime,9,4,5,2,2,0,0,2,False,fbdc543ccb2b57186bcc382c7aefc3f25074ee9b57afb551e9f359a613ec6f96
two_row_reach_400030_target2,two_row_reach_400030,2,purple,9,7,2,4,3,0,0,4,False,c91844cfe0c08a57b330e8651ad5a760dffd93e704636a09ae9cf46cffc626a1
two_row_reach_400031_target0,two_row_reach_400031,0,yellow,9,5,4,2,3,0,0,2,False,ec48a98e4da4344b0386b79ac59fd5634a1dd54d10aa6078530a6ccdd9fcb481
two_row_reach_400031_target1,two_row_reach_400031,1,navy,9,6,3,4,2,0,3,1,False,fe736e6b2c9f91076e9283c88c75bfa041bc35204f1f9145f2c0a5c17a5ccbb3
two_row_reach_400031_target2,two_row_reach_400031,2,olive,9,7,2,4,3,0,1,3,False,5867ae33692038d4a742c45eadcece728a4a492feea542c025d1101a95b05d49
