tier,task,protocol,method,seed,split,K,ValidAtK,AnyValidAtK,UniqueValidAtK,ReferenceCoverageAtK,SelectedValidAtK,additional_unique_valid,new_valid_rate,new_candidates,supplied_candidates,head_batch1_ms,end_to_end_controlled_ms,candidate_ADE_m,endpoint_error_m,semantic_goal_accuracy,AnySemanticGoalAtK,elapsed_s,gpu_hours,code_commit,source
historical_controlled_CLIP_oracle,fixed_three_modes,historical_public,independent,0,TEST,3,0.7630208333333334,0.986328125,1.70703125,0.5690104166666666,,,,,,,,,,,,,,,reports/multiseed_summary.json
historical_controlled_CLIP_oracle,fixed_three_modes,historical_public,independent,1,TEST,3,0.701171875,0.970703125,1.650390625,0.5501302083333334,,,,,,,,,,,,,,,reports/multiseed_summary.json
historical_controlled_CLIP_oracle,fixed_three_modes,historical_public,independent,2,TEST,3,0.7669270833333334,0.990234375,1.75,0.5833333333333333,,,,,,,,,,,,,,,reports/multiseed_summary.json
historical_controlled_CLIP_oracle,fixed_three_modes,historical_public,independent,0,OOD,3,0.5201822916666666,0.890625,1.283203125,0.427734375,,,,,,,,,,,,,,,reports/multiseed_summary.json
historical_controlled_CLIP_oracle,fixed_three_modes,historical_public,independent,1,OOD,3,0.4661458333333333,0.85546875,1.193359375,0.3977864583333333,,,,,,,,,,,,,,,reports/multiseed_summary.json
historical_controlled_CLIP_oracle,fixed_three_modes,historical_public,independent,2,OOD,3,0.509765625,0.857421875,1.28515625,0.42838541666666663,,,,,,,,,,,,,,,reports/multiseed_summary.json
historical_controlled_CLIP_oracle,fixed_three_modes,historical_public,set_diffusion,0,TEST,3,0.8020833333333334,0.9765625,2.3515625,0.7838541666666666,,,,,,,,,,,,,,,reports/multiseed_summary.json
historical_controlled_CLIP_oracle,fixed_three_modes,historical_public,set_diffusion,1,TEST,3,0.7252604166666666,0.98046875,1.708984375,0.5696614583333333,,,,,,,,,,,,,,,reports/multiseed_summary.json
historical_controlled_CLIP_oracle,fixed_three_modes,historical_public,set_diffusion,2,TEST,3,0.8001302083333334,0.990234375,2.373046875,0.791015625,,,,,,,,,,,,,,,reports/multiseed_summary.json
historical_controlled_CLIP_oracle,fixed_three_modes,historical_public,set_diffusion,0,OOD,3,0.5149739583333334,0.888671875,1.544921875,0.5149739583333333,,,,,,,,,,,,,,,reports/multiseed_summary.json
historical_controlled_CLIP_oracle,fixed_three_modes,historical_public,set_diffusion,1,OOD,3,0.48828125,0.87109375,1.291015625,0.4303385416666667,,,,,,,,,,,,,,,reports/multiseed_summary.json
historical_controlled_CLIP_oracle,fixed_three_modes,historical_public,set_diffusion,2,OOD,3,0.55078125,0.91796875,1.64453125,0.5481770833333333,,,,,,,,,,,,,,,reports/multiseed_summary.json
historical_controlled_CLIP_oracle,fixed_three_modes,historical_public,regressor,0,TEST,3,1.0,1.0,3.0,1.0,,,,,,,,,,,,,,,reports/multiseed_summary.json
historical_controlled_CLIP_oracle,fixed_three_modes,historical_public,regressor,1,TEST,3,1.0,1.0,3.0,1.0,,,,,,,,,,,,,,,reports/multiseed_summary.json
historical_controlled_CLIP_oracle,fixed_three_modes,historical_public,regressor,2,TEST,3,1.0,1.0,3.0,1.0,,,,,,,,,,,,,,,reports/multiseed_summary.json
historical_controlled_CLIP_oracle,fixed_three_modes,historical_public,regressor,0,OOD,3,0.96875,1.0,2.90625,0.96875,,,,,,,,,,,,,,,reports/multiseed_summary.json
historical_controlled_CLIP_oracle,fixed_three_modes,historical_public,regressor,1,OOD,3,0.9583333333333334,1.0,2.875,0.9583333333333333,,,,,,,,,,,,,,,reports/multiseed_summary.json
historical_controlled_CLIP_oracle,fixed_three_modes,historical_public,regressor,2,OOD,3,0.9505208333333334,1.0,2.8515625,0.9505208333333333,,,,,,,,,,,,,,,reports/multiseed_summary.json
controlled_geometry,variable_opening_pairs,development_selection,positive_set_regression,0,DEV_MODEL,4,0.896484375,1.0,3.2890625,0.7228732638888888,,,,,,1.3999479706399143,,,,,,134.84565853700042,0.037457127371389,478c4bb6ae9e65a032d6b75266a8f19af56938c7,reports\v2_controlled\results.json
controlled_geometry,variable_opening_pairs,development_selection,saturation_set_regression,0,DEV_MODEL,4,1.0,1.0,3.3984375,0.7593315972222222,,,,,,1.3404564815573394,,,,,,120.56426016497426,0.033490072268048406,1a1b6bb7600419504f5c1b2f5534435de7a1cf6e,reports\v2_controlled\results.json
controlled_geometry,variable_opening_pairs,development_selection,subset_set_regression,0,DEV_MODEL,4,0.525390625,0.7578125,1.7734375,0.5499674479166666,,,,,,1.3991415034979582,,,,,,127.5241716420278,0.03542338101167439,478c4bb6ae9e65a032d6b75266a8f19af56938c7,reports\v2_controlled\results.json
controlled_geometry,variable_opening_pairs,analytical_special_case,analytical_opening_pair_planner,,DEV_MODEL,1,1.0,1.0,1.0,0.28293185763888884,1.0,,,,,,,,,,,,,,reports\v2_planner\results.json
controlled_geometry,variable_opening_pairs,analytical_special_case,analytical_opening_pair_planner,,DEV_MODEL,2,1.0,1.0,1.9375,0.5033637152777777,1.0,,,,,,,,,,,,,,reports\v2_planner\results.json
controlled_geometry,variable_opening_pairs,analytical_special_case,analytical_opening_pair_planner,,DEV_MODEL,4,1.0,1.0,3.3984375,0.7593315972222222,1.0,,,,,,,,,,,,,,reports\v2_planner\results.json
controlled_geometry,variable_opening_pairs,analytical_special_case,analytical_opening_pair_planner,,DEV_MODEL,8,1.0,1.0,4.9921875,0.9327256944444444,1.0,,,,,,,,,,,,,,reports\v2_planner\results.json
controlled_completion,empty,given 0 drafts + 4 new candidates,attention,0,DEV_MODEL,4.0,0.951171875,1.0,3.203125,0.7197808159722222,,3.203125,0.951171875,4.0,0.0,,2.31053150491789,,,,,205.331758391927,0.057036599553313055,73b89d046df2b780a0b306c76e204b3227ee11b0,reports\v2_completion\attention\summary.json
controlled_completion,single,given 1 drafts + 2 new candidates,attention,0,DEV_MODEL,3.0,0.8906249999999999,1.0,2.4296875,0.57568359375,,1.4296875,0.8359375,2.0,1.0,,2.2641130490228534,,,,,205.331758391927,0.057036599553313055,73b89d046df2b780a0b306c76e204b3227ee11b0,reports\v2_completion\attention\summary.json
controlled_completion,two_valid,given 2 drafts + 2 new candidates,attention,0,DEV_MODEL,4.0,0.896484375,1.0,2.9375,0.666015625,,1.0,0.79296875,2.0,2.0,,2.321436011698097,,,,,205.331758391927,0.057036599553313055,73b89d046df2b780a0b306c76e204b3227ee11b0,reports\v2_completion\attention\summary.json
controlled_completion,duplicate,given 2 drafts + 2 new candidates,attention,0,DEV_MODEL,4.0,0.93359375,1.0,2.484375,0.5968424479166667,,1.484375,0.8671875,2.0,2.0,,2.4271219735965133,,,,,205.331758391927,0.057036599553313055,73b89d046df2b780a0b306c76e204b3227ee11b0,reports\v2_completion\attention\summary.json
controlled_completion,invalid,given 2 drafts + 2 new candidates,attention,0,DEV_MODEL,4.0,0.490234375,1.0,1.8984375,0.49636501736111105,,1.8984375,0.98046875,2.0,2.0,,2.377207507379353,,,,,205.331758391927,0.057036599553313055,73b89d046df2b780a0b306c76e204b3227ee11b0,reports\v2_completion\attention\summary.json
controlled_completion,mixed,given 2 drafts + 2 new candidates,attention,0,DEV_MODEL,4.0,0.67578125,1.0,2.4609375,0.58642578125,,1.4609375,0.8515625,2.0,2.0,,2.397796488367021,,,,,205.331758391927,0.057036599553313055,73b89d046df2b780a0b306c76e204b3227ee11b0,reports\v2_completion\attention\summary.json
controlled_completion,empty,given 0 drafts + 4 new candidates,coverage,0,DEV_MODEL,4.0,0.98046875,1.0,3.3203125,0.7445203993055556,,3.3203125,0.98046875,4.0,0.0,,2.3033805191516876,,,,,192.87970076000784,0.053577694655557735,73b89d046df2b780a0b306c76e204b3227ee11b0,reports\v2_completion\coverage\summary.json
controlled_completion,single,given 1 drafts + 2 new candidates,coverage,0,DEV_MODEL,3.0,0.984375,1.0,2.6875,0.6438802083333333,,1.6875,0.9765625,2.0,1.0,,2.3654589895159006,,,,,192.87970076000784,0.053577694655557735,73b89d046df2b780a0b306c76e204b3227ee11b0,reports\v2_completion\coverage\summary.json
controlled_completion,two_valid,given 2 drafts + 2 new candidates,coverage,0,DEV_MODEL,4.0,0.90625,1.0,3.125,0.7190212673611112,,1.1875,0.8125,2.0,2.0,,2.1708084968850017,,,,,192.87970076000784,0.053577694655557735,73b89d046df2b780a0b306c76e204b3227ee11b0,reports\v2_completion\coverage\summary.json
controlled_completion,duplicate,given 2 drafts + 2 new candidates,coverage,0,DEV_MODEL,4.0,0.98046875,1.0,2.65625,0.634765625,,1.65625,0.9609375,2.0,2.0,,2.288807008881122,,,,,192.87970076000784,0.053577694655557735,73b89d046df2b780a0b306c76e204b3227ee11b0,reports\v2_completion\coverage\summary.json
controlled_completion,invalid,given 2 drafts + 2 new candidates,coverage,0,DEV_MODEL,4.0,0.49609375,1.0,1.921875,0.5001085069444444,,1.921875,0.9921875,2.0,2.0,,2.2745105088688433,,,,,192.87970076000784,0.053577694655557735,73b89d046df2b780a0b306c76e204b3227ee11b0,reports\v2_completion\coverage\summary.json
controlled_completion,mixed,given 2 drafts + 2 new candidates,coverage,0,DEV_MODEL,4.0,0.7265625,1.0,2.640625,0.6291775173611112,,1.640625,0.953125,2.0,2.0,,2.2324270103126764,,,,,192.87970076000784,0.053577694655557735,73b89d046df2b780a0b306c76e204b3227ee11b0,reports\v2_completion\coverage\summary.json
controlled_completion,empty,given 0 drafts + 4 new candidates,attention,1,DEV_MODEL,4.0,0.95703125,1.0,3.2421875,0.7310112847222223,,3.2421875,0.95703125,4.0,0.0,,2.3737644660286605,,,,,204.50646896206308,0.05680735248946197,f59bf69f414e2a34de1b0489c4dd624b5c12f75c,reports\v2_completion\replication\seed1\attention\summary.json
controlled_completion,single,given 1 drafts + 2 new candidates,attention,1,DEV_MODEL,3.0,0.9453125,1.0,2.5703125,0.6132269965277777,,1.5703125,0.91796875,2.0,1.0,,2.3802494979463518,,,,,204.50646896206308,0.05680735248946197,f59bf69f414e2a34de1b0489c4dd624b5c12f75c,reports\v2_completion\replication\seed1\attention\summary.json
controlled_completion,two_valid,given 2 drafts + 2 new candidates,attention,1,DEV_MODEL,4.0,0.8828125,1.0,2.9765625,0.6719292534722222,,1.0390625,0.765625,2.0,2.0,,2.4212145362980664,,,,,204.50646896206308,0.05680735248946197,f59bf69f414e2a34de1b0489c4dd624b5c12f75c,reports\v2_completion\replication\seed1\attention\summary.json
controlled_completion,duplicate,given 2 drafts + 2 new candidates,attention,1,DEV_MODEL,4.0,0.962890625,1.0,2.5859375,0.6194661458333333,,1.5859375,0.92578125,2.0,2.0,,2.5134814204648137,,,,,204.50646896206308,0.05680735248946197,f59bf69f414e2a34de1b0489c4dd624b5c12f75c,reports\v2_completion\replication\seed1\attention\summary.json
controlled_completion,invalid,given 2 drafts + 2 new candidates,attention,1,DEV_MODEL,4.0,0.48828125,1.0,1.890625,0.4957139756944444,,1.890625,0.9765625,2.0,2.0,,2.392022463027388,,,,,204.50646896206308,0.05680735248946197,f59bf69f414e2a34de1b0489c4dd624b5c12f75c,reports\v2_completion\replication\seed1\attention\summary.json
controlled_completion,mixed,given 2 drafts + 2 new candidates,attention,1,DEV_MODEL,4.0,0.701171875,1.0,2.53125,0.6095377604166667,,1.53125,0.90234375,2.0,2.0,,2.4292654707096517,,,,,204.50646896206308,0.05680735248946197,f59bf69f414e2a34de1b0489c4dd624b5c12f75c,reports\v2_completion\replication\seed1\attention\summary.json
controlled_completion,empty,given 0 drafts + 4 new candidates,coverage,1,DEV_MODEL,4.0,0.96484375,1.0,3.2734375,0.7344292534722222,,3.2734375,0.96484375,4.0,0.0,,2.6109120226465166,,,,,210.05378390697297,0.05834827330749249,f59bf69f414e2a34de1b0489c4dd624b5c12f75c,reports\v2_completion\replication\seed1\coverage\summary.json
controlled_completion,single,given 1 drafts + 2 new candidates,coverage,1,DEV_MODEL,3.0,0.953125,1.0,2.59375,0.6271158854166666,,1.59375,0.9296875,2.0,1.0,,2.644199994392693,,,,,210.05378390697297,0.05834827330749249,f59bf69f414e2a34de1b0489c4dd624b5c12f75c,reports\v2_completion\replication\seed1\coverage\summary.json
controlled_completion,two_valid,given 2 drafts + 2 new candidates,coverage,1,DEV_MODEL,4.0,0.8828125,1.0,3.0390625,0.68408203125,,1.1015625,0.765625,2.0,2.0,,2.6209610514342785,,,,,210.05378390697297,0.05834827330749249,f59bf69f414e2a34de1b0489c4dd624b5c12f75c,reports\v2_completion\replication\seed1\coverage\summary.json
controlled_completion,duplicate,given 2 drafts + 2 new candidates,coverage,1,DEV_MODEL,4.0,0.95703125,1.0,2.5546875,0.6227213541666667,,1.5546875,0.9140625,2.0,2.0,,2.6457294588908553,,,,,210.05378390697297,0.05834827330749249,f59bf69f414e2a34de1b0489c4dd624b5c12f75c,reports\v2_completion\replication\seed1\coverage\summary.json
controlled_completion,invalid,given 2 drafts + 2 new candidates,coverage,1,DEV_MODEL,4.0,0.486328125,0.9921875,1.8828125,0.49001736111111116,,1.8828125,0.97265625,2.0,2.0,,2.635479031596333,,,,,210.05378390697297,0.05834827330749249,f59bf69f414e2a34de1b0489c4dd624b5c12f75c,reports\v2_completion\replication\seed1\coverage\summary.json
controlled_completion,mixed,given 2 drafts + 2 new candidates,coverage,1,DEV_MODEL,4.0,0.708984375,1.0,2.5625,0.6228298611111112,,1.5625,0.91796875,2.0,2.0,,2.6707284850999713,,,,,210.05378390697297,0.05834827330749249,f59bf69f414e2a34de1b0489c4dd624b5c12f75c,reports\v2_completion\replication\seed1\coverage\summary.json
controlled_completion,empty,given 0 drafts + 4 new candidates,attention,2,DEV_MODEL,4.0,0.99609375,1.0,3.3828125,0.7580295138888888,,3.3828125,0.99609375,4.0,0.0,,2.3806054960004985,,,,,208.80772868706845,0.05800214685751901,f59bf69f414e2a34de1b0489c4dd624b5c12f75c,reports\v2_completion\replication\seed2\attention\summary.json
controlled_completion,single,given 1 drafts + 2 new candidates,attention,2,DEV_MODEL,3.0,0.921875,1.0,2.5,0.6080729166666666,,1.5,0.8828125,2.0,1.0,,2.356704499106854,,,,,208.80772868706845,0.05800214685751901,f59bf69f414e2a34de1b0489c4dd624b5c12f75c,reports\v2_completion\replication\seed2\attention\summary.json
controlled_completion,two_valid,given 2 drafts + 2 new candidates,attention,2,DEV_MODEL,4.0,0.884765625,1.0,2.9921875,0.6796875,,1.0546875,0.76953125,2.0,2.0,,2.4289124412462115,,,,,208.80772868706845,0.05800214685751901,f59bf69f414e2a34de1b0489c4dd624b5c12f75c,reports\v2_completion\replication\seed2\attention\summary.json
controlled_completion,duplicate,given 2 drafts + 2 new candidates,attention,2,DEV_MODEL,4.0,0.92578125,1.0,2.4296875,0.6031901041666667,,1.4296875,0.8515625,2.0,2.0,,2.437375485897064,,,,,208.80772868706845,0.05800214685751901,f59bf69f414e2a34de1b0489c4dd624b5c12f75c,reports\v2_completion\replication\seed2\attention\summary.json
controlled_completion,invalid,given 2 drafts + 2 new candidates,attention,2,DEV_MODEL,4.0,0.494140625,1.0,1.9140625,0.4997829861111111,,1.9140625,0.98828125,2.0,2.0,,2.3731999681331217,,,,,208.80772868706845,0.05800214685751901,f59bf69f414e2a34de1b0489c4dd624b5c12f75c,reports\v2_completion\replication\seed2\attention\summary.json
controlled_completion,mixed,given 2 drafts + 2 new candidates,attention,2,DEV_MODEL,4.0,0.693359375,1.0,2.5,0.60205078125,,1.5,0.88671875,2.0,2.0,,2.4167675292119384,,,,,208.80772868706845,0.05800214685751901,f59bf69f414e2a34de1b0489c4dd624b5c12f75c,reports\v2_completion\replication\seed2\attention\summary.json
controlled_completion,empty,given 0 drafts + 4 new candidates,coverage,2,DEV_MODEL,4.0,0.970703125,1.0,3.2890625,0.7378472222222222,,3.2890625,0.970703125,4.0,0.0,,2.0455995108932257,,,,,195.17771020601504,0.054216030612781956,f59bf69f414e2a34de1b0489c4dd624b5c12f75c,reports\v2_completion\replication\seed2\coverage\summary.json
controlled_completion,single,given 1 drafts + 2 new candidates,coverage,2,DEV_MODEL,3.0,0.9114583333333333,1.0,2.46875,0.6005859375,,1.46875,0.8671875,2.0,1.0,,2.0829244749620557,,,,,195.17771020601504,0.054216030612781956,f59bf69f414e2a34de1b0489c4dd624b5c12f75c,reports\v2_completion\replication\seed2\coverage\summary.json
controlled_completion,two_valid,given 2 drafts + 2 new candidates,coverage,2,DEV_MODEL,4.0,0.845703125,1.0,2.859375,0.6745876736111112,,0.921875,0.69140625,2.0,2.0,,2.2060725023038685,,,,,195.17771020601504,0.054216030612781956,f59bf69f414e2a34de1b0489c4dd624b5c12f75c,reports\v2_completion\replication\seed2\coverage\summary.json
controlled_completion,duplicate,given 2 drafts + 2 new candidates,coverage,2,DEV_MODEL,4.0,0.931640625,1.0,2.4609375,0.60791015625,,1.4609375,0.86328125,2.0,2.0,,2.1787495352327824,,,,,195.17771020601504,0.054216030612781956,f59bf69f414e2a34de1b0489c4dd624b5c12f75c,reports\v2_completion\replication\seed2\coverage\summary.json
controlled_completion,invalid,given 2 drafts + 2 new candidates,coverage,2,DEV_MODEL,4.0,0.4921875,1.0,1.90625,0.49782986111111105,,1.90625,0.984375,2.0,2.0,,2.1153325214982033,,,,,195.17771020601504,0.054216030612781956,f59bf69f414e2a34de1b0489c4dd624b5c12f75c,reports\v2_completion\replication\seed2\coverage\summary.json
controlled_completion,mixed,given 2 drafts + 2 new candidates,coverage,2,DEV_MODEL,4.0,0.66796875,1.0,2.40625,0.5916883680555556,,1.40625,0.8359375,2.0,2.0,,2.2785524488426745,,,,,195.17771020601504,0.054216030612781956,f59bf69f414e2a34de1b0489c4dd624b5c12f75c,reports\v2_completion\replication\seed2\coverage\summary.json
observed_RGB_language_current,RLBench_derived_reach_three_targets,parent_split_development_pilot,observed_frozen_v1_frozen_cache,0,DEV_MODEL,4,,,,,,,,,,,,0.09965623769423236,0.19544323501379593,0.0,0.0,35.55819893989246,0.009877277483303462,2b0da269dd394ef5a3a1112f1387355d7de8a4f4,reports\observed_frozen_v1\seed0\summary.json
observed_RGB_language_current,RLBench_derived_reach_three_targets,parent_split_development_pilot,observed_online_v1_frozen,0,DEV_MODEL,4,,,,,,,,,,,,0.122591451458309,0.2498270525880482,0.0,0.0,93.51151496509556,0.02724075453640479,6a4d719a91f5228fc2998e33f5bd10cfcaff4878,reports\observed_online_v1\frozen_seed0\summary.json
observed_RGB_language_current,RLBench_derived_reach_three_targets,parent_split_development_pilot,observed_online_v1_lora,0,DEV_MODEL,4,,,,,,,,,,,,0.12259178090354671,0.24985795144153677,0.0,0.0,100.93556683696806,0.029709314019968992,6a4d719a91f5228fc2998e33f5bd10cfcaff4878,reports\observed_online_v1\lora_seed0\summary.json
