arm,valid8,distinct8,known_recall8,selected_distinct4
parent,0.8680555555555556,6.680555555555555,0.7610229276895942,3.78125
ordinary_seed0,0.8606770833333334,6.701388888888889,0.6705798059964727,3.7604166666666665
gate_seed0,0.9353298611111112,7.361111111111111,0.6915233686067019,3.795138888888889
project_seed0,0.7708333333333334,5.173611111111111,0.3343529541446208,3.1319444444444446
budget_match_seed0,0.8880208333333334,6.756944444444445,0.7759589947089948,3.7291666666666665
set_point_seed0,0.91796875,7.34375,0.7248401675485009,3.7430555555555554
set_project_seed0,0.9279513888888888,7.420138888888889,0.6252755731922398,3.826388888888889
ordinary_seed1,0.8511284722222222,6.461805555555555,0.7570271164021164,3.75
gate_seed1,0.9192708333333334,7.135416666666667,0.6460262345679012,3.795138888888889
budget_match_seed1,0.8927951388888888,6.774305555555555,0.794697971781305,3.7395833333333335
set_point_seed1,0.9283854166666666,7.416666666666667,0.7008652998236331,3.795138888888889
ordinary_seed2,0.8576388888888888,6.451388888888889,0.7496693121693121,3.6805555555555554
gate_seed2,0.9088541666666666,7.21875,0.6363536155202821,3.7256944444444446
budget_match_seed2,0.8645833333333334,6.541666666666667,0.7603891093474426,3.611111111111111
set_point_seed2,0.9010416666666666,7.204861111111111,0.6278659611992945,3.7291666666666665
replay_set_point_seed0,0.8745659722222222,6.989583333333333,0.7317019400352733,3.8020833333333335
