experiment_id,hypothesis,method,seed,additional_steps,input_draws,target_slots,data_sha256,initial_checkpoint_sha256,internal_candidates,returned_candidates,valid8,distinct8,known_recall8,rare_recall8,distinct4,top1_valid,all_valid4,brier,nll,ece,training_seconds,checkpoint,checkpoint_sha256,training_source,evaluation_source,scope
frequency_empirical_uniform,biased retention,empirical_uniform,0,1200,38400,307200,77f11adf55fe68ae93b7efc42ce4162213f41d12355d907b5ca606d97749d150,368c5153a804258420c8e1b79b11efe8ae8c6cbf4b22e1f8ad06ca830b768692,8,4,0.7361111111111112,5.743055555555555,0.4860008818342152,0.446412037037037,3.4965277777777777,0.9270833333333334,0.78125,0.19715443904761798,0.7542396041518296,0.189410995020871,74.08863075193949,F:\dpvlm\runs\research_v3_checkpoint_20261009\runs\research_v3_v1\frequency_empirical_uniform\last.pt,5c2b79748aeefee6c4f20e998be3306dcee167c2c472d615f5a61f11e52005af,5ae75bf,2550c9d,"seed0 DEV_MODEL; standard methods, no novelty claim"
frequency_empirical_90,biased retention,empirical_90,0,1200,38400,307200,77f11adf55fe68ae93b7efc42ce4162213f41d12355d907b5ca606d97749d150,368c5153a804258420c8e1b79b11efe8ae8c6cbf4b22e1f8ad06ca830b768692,8,4,0.8359375,1.5416666666666667,0.17328042328042328,0.06903935185185185,1.2881944444444444,0.8993055555555556,0.8159722222222222,0.15489541862083522,0.7374116954563101,0.18071636572954772,74.09575285995379,F:\dpvlm\runs\research_v3_checkpoint_20261009\runs\research_v3_v1\frequency_empirical_90\last.pt,aab1ccb482f36e8e19644847654839e9d5813e3f6dfe325944db0c7d8924adcd,5ae75bf,2550c9d,"seed0 DEV_MODEL; standard methods, no novelty claim"
frequency_empirical_98,biased retention,empirical_98,0,1200,38400,307200,77f11adf55fe68ae93b7efc42ce4162213f41d12355d907b5ca606d97749d150,368c5153a804258420c8e1b79b11efe8ae8c6cbf4b22e1f8ad06ca830b768692,8,4,0.8459201388888888,0.8784722222222222,0.10976080246913582,0.0,0.8784722222222222,0.875,0.8541666666666666,0.16463980175418935,0.7674867949061585,0.20262865321703558,74.82003997801803,F:\dpvlm\runs\research_v3_checkpoint_20261009\runs\research_v3_v1\frequency_empirical_98\last.pt,5b0ea43ea6a080ee047cac808e2c2ae8659d5716de82b965ac7aa708c542204e,5ae75bf,2550c9d,"seed0 DEV_MODEL; standard methods, no novelty claim"
frequency_balanced,biased retention,balanced,0,1200,38400,307200,77f11adf55fe68ae93b7efc42ce4162213f41d12355d907b5ca606d97749d150,368c5153a804258420c8e1b79b11efe8ae8c6cbf4b22e1f8ad06ca830b768692,8,4,0.7361111111111112,5.743055555555555,0.4860008818342152,0.446412037037037,3.4965277777777777,0.9270833333333334,0.78125,0.19715443904761798,0.7542396041518296,0.189410995020871,74.25585697893985,F:\dpvlm\runs\research_v3_checkpoint_20261009\runs\research_v3_v1\frequency_balanced\last.pt,f33eb4ba5fcf82da75e8c67d719fe152ae0a2add69e3d7d40c9ab465793e87f4,5ae75bf,2550c9d,"seed0 DEV_MODEL; standard methods, no novelty claim"
frequency_set_matching,biased retention,set_matching,0,1200,38400,1566630,77f11adf55fe68ae93b7efc42ce4162213f41d12355d907b5ca606d97749d150,368c5153a804258420c8e1b79b11efe8ae8c6cbf4b22e1f8ad06ca830b768692,8,4,0.8220486111111112,6.565972222222222,0.6690917107583775,0.6435763888888889,3.7256944444444446,0.9409722222222222,0.90625,0.15231528769806932,0.6813527915381135,0.1644677312379745,233.95166325988248,F:\dpvlm\runs\research_v3_checkpoint_20261009\runs\research_v3_v1\frequency_set_matching\last.pt,0ffc30128082061cb7e1cff0e66068b2ab63a9014007cab567b1270e943fbf09,5ae75bf,2550c9d,"seed0 DEV_MODEL; standard methods, no novelty claim"
frequency_set_sampled,biased retention,set_sampled,0,1200,38400,307200,77f11adf55fe68ae93b7efc42ce4162213f41d12355d907b5ca606d97749d150,368c5153a804258420c8e1b79b11efe8ae8c6cbf4b22e1f8ad06ca830b768692,8,4,0.7686631944444444,6.149305555555555,0.6087687389770724,0.5768518518518518,3.7083333333333335,0.9479166666666666,0.8680555555555556,0.16790790442969142,0.6880878296828984,0.15417842208037055,74.30365381087177,F:\dpvlm\runs\research_v3_checkpoint_20261009\runs\research_v3_v1\frequency_set_sampled\last.pt,d5baf53707fe07836af66c6bff15a074ddd97fd821e25043ebc5f7c2b7b4a929,daf6c01,daf6c01,"seed0 DEV_MODEL; standard methods, no novelty claim"
safety_mean,pathwise sparse collision penalty,mean,0,1200,38400,1566630,77f11adf55fe68ae93b7efc42ce4162213f41d12355d907b5ca606d97749d150,0ffc30128082061cb7e1cff0e66068b2ab63a9014007cab567b1270e943fbf09,8,4,0.8680555555555556,6.680555555555555,0.7610229276895942,0.7440682870370371,3.78125,0.9479166666666666,0.9201388888888888,0.14844768597440364,0.6214473139218506,0.19453961575873815,235.22104238299653,F:\dpvlm\runs\research_v3_checkpoint_20261009\runs\research_v3_v1\safety_mean\last.pt,ff2dfbc5463a38e9acb2af740e9b605cbfda5d1317cc146f5f2c4e65c2a7a60c,609a0b5,609a0b5,"seed0 DEV_MODEL; standard methods, no novelty claim"
safety_worst,pathwise sparse collision penalty,worst,0,1200,38400,1566630,77f11adf55fe68ae93b7efc42ce4162213f41d12355d907b5ca606d97749d150,0ffc30128082061cb7e1cff0e66068b2ab63a9014007cab567b1270e943fbf09,8,4,0.8702256944444444,6.743055555555555,0.734375,0.7129918981481481,3.7152777777777777,0.9305555555555556,0.90625,0.1404532758927548,0.5846889431410051,0.18757724405908235,235.8970585761126,F:\dpvlm\runs\research_v3_checkpoint_20261009\runs\research_v3_v1\safety_worst\last.pt,8bb7afb06672169572bc9eb6fe9d60d21e7ac003c4a253b833a3b63aba2d8a1d,609a0b5,609a0b5,"seed0 DEV_MODEL; standard methods, no novelty claim"
margin_mean,ordinary continuation control,mean,0,1200,38400,1566630,77f11adf55fe68ae93b7efc42ce4162213f41d12355d907b5ca606d97749d150,ff2dfbc5463a38e9acb2af740e9b605cbfda5d1317cc146f5f2c4e65c2a7a60c,8,4,0.8728298611111112,6.670138888888889,0.7549327601410936,0.738425925925926,3.7777777777777777,0.9479166666666666,0.9131944444444444,0.07709890899901306,0.27199355564511063,0.048792061571270716,238.0261065501254,F:\dpvlm\runs\research_v3_linear_closure_20261009\runs\research_v3_v1\margin_mean\last.pt,1a58c5d9946c6fac189c65f4aac8643ac64330f251d6b18bec42cb79c6cff017,84d7e4ddc470bc08230b80a5fc12f033fd916f94,84d7e4ddc470bc08230b80a5fc12f033fd916f94,seed0 DEV_MODEL; fixed complete paired-domain q seed0 (different from earlier original-q rows); no novelty; training_seconds is internal loop time
margin_linear,ordinary continuation control,linear,0,1200,38400,1566630,77f11adf55fe68ae93b7efc42ce4162213f41d12355d907b5ca606d97749d150,ff2dfbc5463a38e9acb2af740e9b605cbfda5d1317cc146f5f2c4e65c2a7a60c,8,4,0.859375,6.447916666666667,0.7530313051146384,0.7393518518518518,3.704861111111111,0.9375,0.8854166666666666,0.08644985923351516,0.30024396452553,0.03934686363983597,237.81138885999098,F:\dpvlm\runs\research_v3_linear_closure_20261009\runs\research_v3_v1\margin_linear\last.pt,b49dd088c30c9872a9e5f02dd2b9bdb624727a64820255dc84477ee55b3442b0,84d7e4ddc470bc08230b80a5fc12f033fd916f94,84d7e4ddc470bc08230b80a5fc12f033fd916f94,seed0 DEV_MODEL; fixed complete paired-domain q seed0 (different from earlier original-q rows); no novelty; training_seconds is internal loop time
optimizer_restored,ordinary continuation control,saved AdamW,0,1200,38400,1566630,77f11adf55fe68ae93b7efc42ce4162213f41d12355d907b5ca606d97749d150,ff2dfbc5463a38e9acb2af740e9b605cbfda5d1317cc146f5f2c4e65c2a7a60c,8,4,0.8745659722222222,6.673611111111111,0.7624007936507936,0.7470196759259259,3.7777777777777777,0.9479166666666666,0.9236111111111112,0.07832383227158381,0.2758650911275158,0.04538031956785698,218.80694072996266,F:\dpvlm\runs\research_v3_anchor_optimizer_closure_20261009\runs\research_v3_v1\optimizer_restored\last.pt,038588f52247a32e20c693fc1fb6c94f8c0f991c22dae6b27e61de15547ab092,4b259e6b63b4707a2938fc6f657437ea4d4219d5,4b259e6b63b4707a2938fc6f657437ea4d4219d5,seed0 DEV_MODEL; fixed complete paired-domain q seed0 (different from earlier original-q rows); no novelty; training_seconds is internal loop time
frequency_set_canonical,within-mode reference augmentation attribution,original-witness full matching,0,1200,38400,313326,77f11adf55fe68ae93b7efc42ce4162213f41d12355d907b5ca606d97749d150,368c5153a804258420c8e1b79b11efe8ae8c6cbf4b22e1f8ad06ca830b768692,8,4,0.8220486111111112,6.552083333333333,0.6842482363315696,0.6636574074074074,3.6631944444444446,0.9305555555555556,0.8784722222222222,0.1680604525961755,0.7923078617769145,0.19422278767915374,117.05080278287642,F:\dpvlm\runs\research_v3_canonical_closure_20261009\runs\research_v3_v1\frequency_set_canonical\last.pt,98afccbca44322e79e94c6d18df8b1765d212dc9512bd6cac5f04d7ccfafa43d,14da6aa + exact-state resume6815792,6815792,seed0 DEV_MODEL; original complete fixed q. training_seconds117.05 is resumed internal loop ONLY; all training commands344.606889s including failed180s attempt. No speedup or novelty claim.
